text,favorited,favoriteCount,replyToSN,created,truncated,replyToSID,id,replyToUID,statusSource,screenName,retweetCount,isRetweet,retweeted,longitude,latitude,followers,total_tweets,location,score
RT @yyynagoham: Idk why the student loan ppl emailed me today about my payments starting back up In January lol they better reach out to Jo…,FALSE,0,NA,2020-11-24 6:38,FALSE,NA,1.33112E+18,NA,"<a href=""http://twitter.com/download/iphone"" rel=""nofollow"">Twitter for iPhone</a>",the_GoldenOreo,13,TRUE,FALSE,NA,NA,583,126645,"Angeles Los, Ca<U+2600><U+FE0F>",0
RT @bocxtop: what is joe biden’s plan to stop the sun from disappearing at 5pm,FALSE,0,NA,2020-11-24 6:38,FALSE,NA,1.33112E+18,NA,"<a href=""http://twitter.com/download/iphone"" rel=""nofollow"">Twitter for iPhone</a>",badwisglory,26215,TRUE,FALSE,NA,NA,120,12455,,3
"Top story: President-Elect Joe Biden: Official Transition Website https://t.co/ROq6Q6aw5r, see more https://t.co/JXkTW2SeqS",FALSE,0,NA,2020-11-24 6:38,FALSE,NA,1.33112E+18,NA,"<a href=""https://www.tweetedtimes.com"" rel=""nofollow"">The Tweeted Times</a>",sds_labs,0,FALSE,FALSE,NA,NA,2642,71825,EU,7
RT @yashalevine: Our ruling elite can’t wait for senile Joe Biden to be finally chained to a radiator in the White House basement and be fe…,FALSE,0,NA,2020-11-24 6:38,FALSE,NA,1.33112E+18,NA,"<a href=""http://twitter.com/download/iphone"" rel=""nofollow"">Twitter for iPhone</a>",Bernd__Neuner,14,TRUE,FALSE,NA,NA,1568,56432,Spaceship Earth,1
RT @Sabrina_McDa: Trump unilaterally exited the open skies treaty &amp; now they are decommissioning &amp; destroying the only two observation plan…,FALSE,0,NA,2020-11-24 6:38,FALSE,NA,1.33112E+18,NA,"<a href=""https://about.twitter.com/products/tweetdeck"" rel=""nofollow"">TweetDeck</a>",chiamaluca,1719,TRUE,FALSE,NA,NA,426,15968,Florence,2
"Top story: President-Elect Joe Biden: Official Transition Website https://t.co/Fcyh9yXvPt, see more https://t.co/rtejYAZpLs",FALSE,0,NA,2020-11-24 6:38,FALSE,NA,1.33112E+18,NA,"<a href=""https://www.tweetedtimes.com"" rel=""nofollow"">The Tweeted Times</a>",bullslapper,0,FALSE,FALSE,NA,NA,4355,38422,Salibury   NC USA,7
"@roachhandler Agreed, he is making a giant mess for Biden not to be able to help the people instead clean all this crap up...",FALSE,0,roachhandler,2020-11-24 6:38,FALSE,1.33112E+18,1.33112E+18,516109860,"<a href=""http://twitter.com/download/android"" rel=""nofollow"">Twitter for Android</a>",designsbycary,0,FALSE,FALSE,NA,NA,14278,11395,"The Colony, TX",0
"RT @dancohen3000: Biden's top spy Avril Haines directly advised Obama on his CIA drone assassination kill list.

""Haines was sometimes summ…",FALSE,0,NA,2020-11-24 6:38,FALSE,NA,1.33112E+18,NA,"<a href=""http://twitter.com/download/iphone"" rel=""nofollow"">Twitter for iPhone</a>",ChrisHelali,51,TRUE,FALSE,NA,NA,2135,2010,"Vershire, VT",1
RT @StevieVanZandt: Maddow is blowing my mind. Trump is not only leaving the Open Skies treaty he is trashing the planes! Making it impossi…,FALSE,0,NA,2020-11-24 6:38,FALSE,NA,1.33112E+18,NA,"<a href=""http://twitter.com/download/iphone"" rel=""nofollow"">Twitter for iPhone</a>",Butrphli,370,TRUE,FALSE,NA,NA,403,18552,Earth,1
"RT @TheDemCoalition: BOOM: Trump loses again!

Michigan’s statewide electoral board approved its presidential vote tally on Monday, resisti…",FALSE,0,NA,2020-11-24 6:38,FALSE,NA,1.33112E+18,NA,"<a href=""http://twitter.com/download/iphone"" rel=""nofollow"">Twitter for iPhone</a>",moyzh76,130,TRUE,FALSE,NA,NA,26,18233,"California, Anaheim",1
"Top story: President-Elect Joe Biden: Official Transition Website https://t.co/R12RbelAVX, see more https://t.co/IwCFl0Sgid",FALSE,0,NA,2020-11-24 6:38,FALSE,NA,1.33112E+18,NA,"<a href=""https://www.tweetedtimes.com"" rel=""nofollow"">The Tweeted Times</a>",FocusMobility,0,FALSE,FALSE,NA,NA,51,18593,,7
"RT @ShahidForChange: We voted for Obama in 2008 because, as an antiwar candidate, he promised to end Bush’s belligerent foreign policy &amp; re…",FALSE,0,NA,2020-11-24 6:38,FALSE,NA,1.33112E+18,NA,"<a href=""https://mobile.twitter.com"" rel=""nofollow"">Twitter Web App</a>",SillyPutty78,14,TRUE,FALSE,NA,NA,2863,69378,,0
RT @whaddupitssteve: what is joe biden’s plan for beef jerky prices,FALSE,0,NA,2020-11-24 6:38,FALSE,NA,1.33112E+18,NA,"<a href=""http://twitter.com/download/iphone"" rel=""nofollow"">Twitter for iPhone</a>",AmandaMrozek2,1,TRUE,FALSE,NA,NA,597,4256,"Meerbusch, Germany",3
RT @7OSFREDDlE: what’s joe biden’s plan to bring back freddie mercury,FALSE,0,NA,2020-11-24 6:38,FALSE,NA,1.33112E+18,NA,"<a href=""http://twitter.com/download/iphone"" rel=""nofollow"">Twitter for iPhone</a>",tomnever,90,TRUE,FALSE,NA,NA,7054,22822,Paris,3
"TECH NEWS PEOPLE Top story: President-Elect Joe Biden: Official Transition Website https://t.co/1VXngnstba, see more https://t.co/8uWZqGwvOd",FALSE,0,NA,2020-11-24 6:38,FALSE,NA,1.33112E+18,NA,"<a href=""https://www.tweetedtimes.com"" rel=""nofollow"">The Tweeted Times</a>",paolettacapo,0,FALSE,FALSE,NA,NA,2937,215719,"Florence, Tuscany",7
@nothing4realk @JDO51405862 @ABC @jonkarl Court. You don't think Clearance Thomas isnt ready for Biden. He will get… https://t.co/VqY0KiNuna,FALSE,0,nothing4realk,2020-11-24 6:38,TRUE,1.32512E+18,1.33112E+18,305077147,"<a href=""http://twitter.com/download/android"" rel=""nofollow"">Twitter for Android</a>",jeffj42,0,FALSE,FALSE,NA,NA,10,480,US,0
RT @ektaka: Is anyone else watching @maddow? WTF? Trump is pulling us out of the Open Skies treaty AND destroying the planes so Biden can't…,FALSE,0,NA,2020-11-24 6:38,FALSE,NA,1.33112E+18,NA,"<a href=""http://twitter.com/download/android"" rel=""nofollow"">Twitter for Android</a>",1VIKINGPATRIOT,3072,TRUE,FALSE,NA,NA,163,23479,,1
RT @irishrygirl: Joe Biden has a Coronavirus team. Donald Trump’s team has coronavirus. That’s the tweet,FALSE,0,NA,2020-11-24 6:38,FALSE,NA,1.33112E+18,NA,"<a href=""http://twitter.com/download/android"" rel=""nofollow"">Twitter for Android</a>",MaingiKahiga,17144,TRUE,FALSE,NA,NA,619,20956,Kenya,1
RT @ResisterForever: President-elect Biden has done more work in 18 days than @realDonaldTrump has done in 4 years.,FALSE,0,NA,2020-11-24 6:38,FALSE,NA,1.33112E+18,NA,"<a href=""http://twitter.com/download/android"" rel=""nofollow"">Twitter for Android</a>",KatanaKatt,3745,TRUE,FALSE,NA,NA,32,1769,United States,2
what is Joe Biden’s plan to get rid of men?,FALSE,0,NA,2020-11-24 6:38,FALSE,NA,1.33112E+18,NA,"<a href=""http://twitter.com/download/iphone"" rel=""nofollow"">Twitter for iPhone</a>",RachDaBrat,0,FALSE,FALSE,NA,NA,2249,141677,Jamaica,3
"RT @TIME: The federal government recognized President-elect Joe Biden as the “apparent winner” of the U.S. election, formally starting the…",FALSE,0,NA,2020-11-24 6:38,FALSE,NA,1.33112E+18,NA,"<a href=""http://twitter.com/download/android"" rel=""nofollow"">Twitter for Android</a>",Sylvest41744891,108,TRUE,FALSE,NA,NA,181,3579,ibadan  Nigeria,3
"Top story: President-Elect Joe Biden: Official Transition Website https://t.co/nwnLgI5e9X, see more https://t.co/npyWnhLlO5",FALSE,0,NA,2020-11-24 6:38,FALSE,NA,1.33112E+18,NA,"<a href=""https://www.tweetedtimes.com"" rel=""nofollow"">The Tweeted Times</a>",MrAlias1,0,FALSE,FALSE,NA,NA,2474,22909,USA,7
RT @marklevinshow: 3. Notice how they all covered up the mounds of evidence implicating the Biden family in corruption and dealings with fo…,FALSE,0,NA,2020-11-24 6:38,FALSE,NA,1.33112E+18,NA,"<a href=""http://twitter.com/#!/download/ipad"" rel=""nofollow"">Twitter for iPad</a>",graybeered42,3720,TRUE,FALSE,NA,NA,2233,84696,<U+2744><U+FE0F><U+2603><U+FE0F><U+0001F328><U+2614><U+FE0F><U+0001F326><U+0001F324><U+2600><U+FE0F><U+0001F308><U+0001F32A><U+0001F32C><U+0001F4A8><U+0001F328><U+26C4><U+FE0F><U+2744><U+FE0F>,0
"Flashback: Photos of Mawlana Hazar Imam, His Highness the Aga Khan, with John Kerry, as President-Elect Joe Biden N… https://t.co/Vrm1vh9EfD",FALSE,0,NA,2020-11-24 6:38,TRUE,NA,1.33112E+18,NA,"<a href=""http://publicize.wp.com/"" rel=""nofollow"">WordPress.com</a>",simerg,0,FALSE,FALSE,NA,NA,1392,1598,"Ottawa, Canada",3
RT @harrisonjaime: I’m overjoyed to learn that my Yale classmate and friend Jake Sullivan will serve as the nation’s next National Security…,FALSE,0,NA,2020-11-24 6:38,FALSE,NA,1.33112E+18,NA,"<a href=""https://mobile.twitter.com"" rel=""nofollow"">Twitter Web App</a>",kristineshofner,1458,TRUE,FALSE,NA,NA,1371,137318,,0
"RT @maxtmcc: The Milwaukee metro is a sharply divided region, split between deep blue Milwaukee and the dark red WOW suburbs. Although both…",FALSE,0,NA,2020-11-24 6:38,FALSE,NA,1.33112E+18,NA,"<a href=""http://twitter.com/download/iphone"" rel=""nofollow"">Twitter for iPhone</a>",EZ_Lerner,23,TRUE,FALSE,NA,NA,1822,163809,"California, USA",0
"RT @BoKnowsNews: Let the transition begin: @CBSNews confirms the GSA sent a letter ascertaining Joe Biden as the election winner, allowing…",FALSE,0,NA,2020-11-24 6:38,FALSE,NA,1.33112E+18,NA,"<a href=""http://twitter.com/download/iphone"" rel=""nofollow"">Twitter for iPhone</a>",NuclearxWinter,676,TRUE,FALSE,NA,NA,1780,26226,AZ,2
RT @gaygetarlton: what is joe biden’s plan to release lorde’s new album?,FALSE,0,NA,2020-11-24 6:38,FALSE,NA,1.33112E+18,NA,"<a href=""http://twitter.com/download/iphone"" rel=""nofollow"">Twitter for iPhone</a>",gaycakez,7622,TRUE,FALSE,NA,NA,18,25,she/they ~ 18 ~ LV,3
"@TomFitton Tom...it appears that Biden needs them to feel comfy and ""at home!""",FALSE,0,TomFitton,2020-11-24 6:38,FALSE,1.33093E+18,1.33112E+18,18266688,"<a href=""http://twitter.com/download/android"" rel=""nofollow"">Twitter for Android</a>",DonovanaBurgerm,0,FALSE,FALSE,NA,NA,60,4201,,0
@Betsinoregon @thehill He will still be younger than Biden and light years sharper than him .,FALSE,0,Betsinoregon,2020-11-24 6:38,FALSE,1.3311E+18,1.33112E+18,1.29684E+18,"<a href=""http://twitter.com/#!/download/ipad"" rel=""nofollow"">Twitter for iPad</a>",NATURESMILE101,0,FALSE,FALSE,NA,NA,156,217,Sweden,0
"Top story: President-Elect Joe Biden: Official Transition Website https://t.co/Syxrp4Pem8, see more https://t.co/bJytaDKdOI",FALSE,0,NA,2020-11-24 6:38,FALSE,NA,1.33112E+18,NA,"<a href=""https://www.tweetedtimes.com"" rel=""nofollow"">The Tweeted Times</a>",casper_rv,0,FALSE,FALSE,NA,NA,1144,204237,"Porto, Portugal ",7
"RT @ProSyn: If the US is to resume its role as the beating heart of the liberal international order, it needs to overcome the domestic divi…",FALSE,0,NA,2020-11-24 6:38,FALSE,NA,1.33112E+18,NA,"<a href=""http://twitter.com/download/iphone"" rel=""nofollow"">Twitter for iPhone</a>",anapalacio,0,TRUE,FALSE,NA,NA,14842,18154,,0
"RT @anthonyzenkus: Biden has chosen Alejandro Mayorkas to lead the DHS. Mayorkas is a partner at Wilmer, Cutler &amp; Pickering Law Firm, which…",FALSE,0,NA,2020-11-24 6:38,FALSE,NA,1.33112E+18,NA,"<a href=""http://twitter.com/download/iphone"" rel=""nofollow"">Twitter for iPhone</a>",liseng18,87,TRUE,FALSE,NA,NA,579,9123,NYC,0
"RT @TIME: The federal government recognized President-elect Joe Biden as the “apparent winner” of the U.S. election, formally starting the…",FALSE,0,NA,2020-11-24 6:38,FALSE,NA,1.33112E+18,NA,"<a href=""https://mobile.twitter.com"" rel=""nofollow"">Twitter Web App</a>",PAGilchrist,108,TRUE,FALSE,NA,NA,1124,227126,"Washington, D.C.",3
"RT @marwilliamson: We don’t know yet who Biden will make Attorney General, but I hope he or she will hold legally responsible every alleged…",FALSE,0,NA,2020-11-24 6:38,FALSE,NA,1.33112E+18,NA,"<a href=""http://twitter.com/download/android"" rel=""nofollow"">Twitter for Android</a>",blanquita0789,61,TRUE,FALSE,NA,NA,827,15619,TN,0
"RT @tedcruz: Twitter Left is aghast—seems the media/commie list-serve activated them all.

Two observations: (1) Biden has *still* not been…",FALSE,0,NA,2020-11-24 6:38,FALSE,NA,1.33112E+18,NA,"<a href=""http://twitter.com/#!/download/ipad"" rel=""nofollow"">Twitter for iPad</a>",JboydsJudy,612,TRUE,FALSE,NA,NA,141,6918,,0
RT @Thomas1774Paine: Biden’s Transition Team Is Stacked With Former Facebook And Zuckerberg Insiders https://t.co/tzz0wT0tRc,FALSE,0,NA,2020-11-24 6:38,FALSE,NA,1.33112E+18,NA,"<a href=""https://mobile.twitter.com"" rel=""nofollow"">Twitter Web App</a>",mistykatt96,36,TRUE,FALSE,NA,NA,190,6266,USA,2
"RT @SenTomCotton: As Bob Gates said, Joe Biden has “been wrong on nearly every major foreign policy and national security issue over the pa…",FALSE,0,NA,2020-11-24 6:38,FALSE,NA,1.33112E+18,NA,"<a href=""http://twitter.com/download/iphone"" rel=""nofollow"">Twitter for iPhone</a>",Hollywoodtownca,1306,TRUE,FALSE,NA,NA,1159,64388,"T Oaks, CA",1
RT @bocxtop: what is joe biden’s plan to stop the sun from disappearing at 5pm,FALSE,0,NA,2020-11-24 6:38,FALSE,NA,1.33112E+18,NA,"<a href=""https://mobile.twitter.com"" rel=""nofollow"">Twitter Web App</a>",70SVAPOR,26215,TRUE,FALSE,NA,NA,719,9508,she/her | zourrie + 5SOS | blm,3
"RT @RichardGCorbett: Joe #Biden has chosen Anthony Blinken as his Secretary of State (i.e.Foreign Minister). 
His views on #Brexit couldn’t…",FALSE,0,NA,2020-11-24 6:38,FALSE,NA,1.33112E+18,NA,"<a href=""http://twitter.com/download/android"" rel=""nofollow"">Twitter for Android</a>",Failure2include,290,TRUE,FALSE,NA,NA,85,6652,,1
"@laloalcaraz @LatPoliticalAve @AndujoJ @AliMayorkas By Jan. 20, 4:00 pm, I expect to see President Joe Biden signin… https://t.co/OJ6RU1wP0i",FALSE,0,laloalcaraz,2020-11-24 6:38,TRUE,1.33102E+18,1.33112E+18,42891240,"<a href=""http://twitter.com/download/iphone"" rel=""nofollow"">Twitter for iPhone</a>",bernice14,0,FALSE,FALSE,NA,NA,891,17839,"Santa Fe, NM",2
@wayneinec @Veritas1012 @GottaBernNow Maybe. His campaign was dead before South Carolina and he was pretty much las… https://t.co/W2EFkHOkET,FALSE,0,wayneinec,2020-11-24 6:38,TRUE,1.33099E+18,1.33112E+18,47654924,"<a href=""http://twitter.com/download/iphone"" rel=""nofollow"">Twitter for iPhone</a>",succmeousside,0,FALSE,FALSE,NA,NA,1121,11840,"Guantanamo Bay, NY",0
"RT @jacket1962: @natasha_yann @drobwlldiad And then this happens &gt;&gt;
https://t.co/H7AeyvloQp",FALSE,0,NA,2020-11-24 6:38,FALSE,NA,1.33112E+18,NA,"<a href=""http://twitter.com/#!/download/ipad"" rel=""nofollow"">Twitter for iPad</a>",drobwlldiad,1,TRUE,FALSE,NA,NA,3277,46860,lutruwita/Tasmania,0
RT @ejmaroun: Biden’s won in Michigan so many times he’s legally required to change his name to Ohio State.,FALSE,0,NA,2020-11-24 6:38,FALSE,NA,1.33112E+18,NA,"<a href=""http://twitter.com/download/iphone"" rel=""nofollow"">Twitter for iPhone</a>",jamesakbeach,9072,TRUE,FALSE,NA,NA,901,11917,"Redfern, Sydney",1
"Top story: President-Elect Joe Biden: Official Transition Website https://t.co/MI8LySLBfG, see more https://t.co/uXfcW0B7ku",FALSE,0,NA,2020-11-24 6:38,FALSE,NA,1.33112E+18,NA,"<a href=""https://www.tweetedtimes.com"" rel=""nofollow"">The Tweeted Times</a>",JackTorrance62,0,FALSE,FALSE,NA,NA,268,22497,Cesena (FC),7
"@MrFreed72080562 @bearsaremean @realDonaldTrump 2016 it was 3 million and now 6 Million? <U+0001F602><U+0001F602><U+0001F602> Ok, you are boring me… https://t.co/YW88RwrvIu",FALSE,0,MrFreed72080562,2020-11-24 6:38,TRUE,1.33111E+18,1.33112E+18,1.32772E+18,"<a href=""http://twitter.com/#!/download/ipad"" rel=""nofollow"">Twitter for iPad</a>",Monet4,0,FALSE,FALSE,NA,NA,1,24,United States,0
"Beltway Insider:  Biden Transition, Trump/GSA, Electoral, COVID Surge, Mossimo, JFK Assassinated https://t.co/qTvOmR4aYw",FALSE,0,NA,2020-11-24 6:38,FALSE,NA,1.33112E+18,NA,"<a href=""https://mobile.twitter.com"" rel=""nofollow"">Twitter Web App</a>",JanetWa94118686,0,FALSE,FALSE,NA,NA,29,29658,"Beverly Hills, CA",2
RT @StevieVanZandt: Maddow is blowing my mind. Trump is not only leaving the Open Skies treaty he is trashing the planes! Making it impossi…,FALSE,0,NA,2020-11-24 6:38,FALSE,NA,1.33112E+18,NA,"<a href=""http://www.echofon.com/"" rel=""nofollow"">Echofon</a>",jimdumont,370,TRUE,FALSE,NA,NA,57,5202,,1
"RT @TomFitton: Biden's ""Chief of Staff"" led Al Gore's then-unprecedented challenge to the election outcome in Florida for 37 days.",FALSE,0,NA,2020-11-24 6:38,FALSE,NA,1.33112E+18,NA,"<a href=""http://twitter.com/download/android"" rel=""nofollow"">Twitter for Android</a>",TeamSandersDad1,3433,TRUE,FALSE,NA,NA,48,1322,"Lakeville, MN",0
"RT @aroseblush: <U+0001F434>   <U+0001F4AA><U+0001F3FC>  Key government agency says Biden transition can formally begin <U+0001F4AA><U+0001F3FC><U+0001F434>

 https://t.co/JeGYvYOccY",FALSE,0,NA,2020-11-24 6:38,FALSE,NA,1.33112E+18,NA,"<a href=""https://mobile.twitter.com"" rel=""nofollow"">Twitter Web App</a>",aroseblush,14,TRUE,FALSE,NA,NA,27514,153171,New England,1
"President-Elect Joe Biden: Official Transition Website https://t.co/Zwpn7C0i8s, see more https://t.co/XCIMT32LNQ",FALSE,0,NA,2020-11-24 6:38,FALSE,NA,1.33112E+18,NA,"<a href=""http://tweetedtimes.com"" rel=""nofollow"">TtwTimes Top News</a>",TT_Films,0,FALSE,FALSE,NA,NA,17,6892,,6
RT @BeauCorrell: donald trumps last ditch effort is to legally change his name to joe biden,FALSE,0,NA,2020-11-24 6:38,FALSE,NA,1.33112E+18,NA,"<a href=""http://twitter.com/download/iphone"" rel=""nofollow"">Twitter for iPhone</a>",Gezwitsche_r,1,TRUE,FALSE,NA,NA,278,12780,"Winterthur, Schweiz",1
RT @irishrygirl: Joe Biden has a Coronavirus team. Donald Trump’s team has coronavirus. That’s the tweet,FALSE,0,NA,2020-11-24 6:38,FALSE,NA,1.33112E+18,NA,"<a href=""http://twitter.com/download/iphone"" rel=""nofollow"">Twitter for iPhone</a>",99ermikeb,17144,TRUE,FALSE,NA,NA,13288,158529,Nidaveillire,1
"@republikaonline President-Elect Joe Biden: Official Transition Website https://t.co/qocC3MJE7k, see more https://t.co/cVuSYgLzI5",FALSE,0,republikaonline,2020-11-24 6:38,FALSE,NA,1.33112E+18,22126902,"<a href=""https://www.tweetedtimes.com"" rel=""nofollow"">The Tweeted Times</a>",fajreen,0,FALSE,FALSE,NA,NA,501,69642,Indonesia,6
"RT @RBReich: Even after Biden won 306 electoral votes, Trump's harebrained lawsuits got dismissed, and pointless state recounts confirmed t…",FALSE,0,NA,2020-11-24 6:38,FALSE,NA,1.33112E+18,NA,"<a href=""https://mobile.twitter.com"" rel=""nofollow"">Twitter Web App</a>",stevenjmoneill3,1990,TRUE,FALSE,NA,NA,211,40135,,0
"Being trans doesn't exclude you for being wrong. Minorities are way the fuck worse off with Trump than Biden, they'… https://t.co/RJNBSz96P0",FALSE,0,Th0risy,2020-11-24 6:38,TRUE,1.33112E+18,1.33112E+18,1.26901E+18,"<a href=""http://twitter.com/download/android"" rel=""nofollow"">Twitter for Android</a>",Th0risy,0,FALSE,FALSE,NA,NA,2680,3978,nb / any pronouns,1
RT @Zinnsgh0st: @marwilliamson @PepperOceanna Biden has an opportunity to erase his austerity legacy that has left a generation in great de…,FALSE,0,NA,2020-11-24 6:38,FALSE,NA,1.33112E+18,NA,"<a href=""https://mobile.twitter.com"" rel=""nofollow"">Twitter Web App</a>",rzn2blv,1,TRUE,FALSE,NA,NA,4143,30428,Left coast,0
"Top story: President-Elect Joe Biden: Official Transition Website https://t.co/oX794VEwbe, see more https://t.co/RZR4M6cwhw",FALSE,0,NA,2020-11-24 6:38,FALSE,NA,1.33112E+18,NA,"<a href=""https://www.tweetedtimes.com"" rel=""nofollow"">The Tweeted Times</a>",ndredman,0,FALSE,FALSE,NA,NA,1291,14949,"Newcastle, Australia",7
RT @ggreenwald: Read @lhfang's typically great reporting from 2018 on how the firm formed by Biden's Secretary of State Tony Blinken &amp; his…,FALSE,0,NA,2020-11-24 6:38,FALSE,NA,1.33112E+18,NA,"<a href=""http://twitter.com/download/iphone"" rel=""nofollow"">Twitter for iPhone</a>",libbyliberalnyc,582,TRUE,FALSE,NA,NA,5030,467130,"New York, USA",0
"Top story: President-Elect Joe Biden: Official Transition Website https://t.co/dxW4Z66qVD, see more https://t.co/EXUL6S9AFv",FALSE,0,NA,2020-11-24 6:38,FALSE,NA,1.33112E+18,NA,"<a href=""https://www.tweetedtimes.com"" rel=""nofollow"">The Tweeted Times</a>",patelmukesh23,0,FALSE,FALSE,NA,NA,249,20792,India,7
"RT @jeneps: George H.W. Bush was known for his socks, maybe Biden will be too? Today he wore dark blue socks adorned with lighter blue dogs…",FALSE,0,NA,2020-11-24 6:38,FALSE,NA,1.33112E+18,NA,"<a href=""http://twitter.com/download/iphone"" rel=""nofollow"">Twitter for iPhone</a>",mstepczyk,202,TRUE,FALSE,NA,NA,3095,563133,,0
RT @politico: The General Services Administration formally recognized President-elect Joe Biden as the winner of the 2020 presidential elec…,FALSE,0,NA,2020-11-24 6:38,FALSE,NA,1.33112E+18,NA,"<a href=""http://twitter.com/download/iphone"" rel=""nofollow"">Twitter for iPhone</a>",ae4ca,256,TRUE,FALSE,NA,NA,3009,369339,"Atlanta, GA",3
RT @irishrygirl: Joe Biden has a Coronavirus team. Donald Trump’s team has coronavirus. That’s the tweet,FALSE,0,NA,2020-11-24 6:38,FALSE,NA,1.33112E+18,NA,"<a href=""http://twitter.com/download/android"" rel=""nofollow"">Twitter for Android</a>",TirxieSimone,17144,TRUE,FALSE,NA,NA,1155,61709,Treaty 6 & 7 Alberta,1
RT @HillaryWarnedUs: Biden's America.,FALSE,0,NA,2020-11-24 6:38,FALSE,NA,1.33112E+18,NA,"<a href=""http://twitter.com/#!/download/ipad"" rel=""nofollow"">Twitter for iPad</a>",barblet30,18,TRUE,FALSE,NA,NA,2204,128389,Canada,0
"G's Top story: President-Elect Joe Biden: Official Transition Website https://t.co/tD1NEzHOaQ, see more https://t.co/YBGzngaPW3",FALSE,0,NA,2020-11-24 6:38,FALSE,NA,1.33112E+18,NA,"<a href=""https://www.tweetedtimes.com"" rel=""nofollow"">The Tweeted Times</a>",gvertlieb,0,FALSE,FALSE,NA,NA,2316,17268,"Toronto, ON",7
"RT @BenjaminNorton: Biden's secretary of state nominee is now official: liberal war hawk Tony Blinken.

He:
-supported the 2011 war that de…",FALSE,0,NA,2020-11-24 6:38,FALSE,NA,1.33112E+18,NA,"<a href=""http://twitter.com/download/iphone"" rel=""nofollow"">Twitter for iPhone</a>",Sfdog60,851,TRUE,FALSE,NA,NA,1903,18333,"Santa Fe, New Mexico, USA",1
"@RebeccaLisleSEO @BreitbartNews Yes, trust the plan! Losing the election to Biden was just step one of the plan! Ne… https://t.co/HbpScl1Eqq",FALSE,0,RebeccaLisleSEO,2020-11-24 6:38,TRUE,1.33109E+18,1.33112E+18,55409106,"<a href=""https://mobile.twitter.com"" rel=""nofollow"">Twitter Web App</a>",TheObservatory_,0,FALSE,FALSE,NA,NA,7,1413,,1
Tapper to Biden: https://t.co/jfCizwjrqs,FALSE,0,NA,2020-11-24 6:38,FALSE,NA,1.33112E+18,NA,"<a href=""http://twitter.com/download/android"" rel=""nofollow"">Twitter for Android</a>",LarsVargas,0,FALSE,FALSE,NA,NA,1139,5622,Oregonian ,0
"RT @CNBC: European markets head for higher open amid vaccine optimism, Biden transition progress https://t.co/pzaHXzI9ub",FALSE,0,NA,2020-11-24 6:38,FALSE,NA,1.33112E+18,NA,"<a href=""http://twitter.com/download/android"" rel=""nofollow"">Twitter for Android</a>",fareedaasf,8,TRUE,FALSE,NA,NA,1266,346530,"<U+0E01><U+0E23><U+0E38><U+0E07><U+0E40><U+0E17><U+0E1E><U+0E21><U+0E2B><U+0E32><U+0E19><U+0E04><U+0E23>, ",1
what is joe biden’s plan to get me a partner lol,FALSE,0,NA,2020-11-24 6:38,FALSE,NA,1.33112E+18,NA,"<a href=""http://twitter.com/download/iphone"" rel=""nofollow"">Twitter for iPhone</a>",sumrevenge,0,FALSE,FALSE,NA,NA,3120,25348,20 • they/them,3
"RT @MSNBC: ""This is already a difficult job ahead of this national security team in repairing the damage that the Trump administration has…",FALSE,0,NA,2020-11-24 6:38,FALSE,NA,1.33112E+18,NA,"<a href=""https://mobile.twitter.com"" rel=""nofollow"">Twitter Web App</a>",Patti_MI_GoBlue,4,TRUE,FALSE,NA,NA,7207,16333,MetroDetroit<U+0001F30F>#ClimateCrisis ,1
RT @AliVelshi: BREAKING: GSA Administrator Emily Murphy has sent a crabby letter to Biden to begin the transition. Trump tweets: “I am reco…,FALSE,0,NA,2020-11-24 6:38,FALSE,NA,1.33112E+18,NA,"<a href=""http://twitter.com/download/iphone"" rel=""nofollow"">Twitter for iPhone</a>",hellotoyoubro,752,TRUE,FALSE,NA,NA,181,18682,,2
RT @_ashmip: gonna tell my kids this was joe biden and kamala harris https://t.co/Twe52RH5lx,FALSE,0,NA,2020-11-24 6:38,FALSE,NA,1.33112E+18,NA,"<a href=""http://twitter.com/download/iphone"" rel=""nofollow"">Twitter for iPhone</a>",kotton_ballz,3140,TRUE,FALSE,NA,NA,337,12591,time to boogie ,1
"RT @jeffzeleny: NEW: GSA has informed president-elect Joe Biden the administration is ready to begin the formal transition process, accordi…",FALSE,0,NA,2020-11-24 6:38,FALSE,NA,1.33112E+18,NA,"<a href=""http://twitter.com/download/iphone"" rel=""nofollow"">Twitter for iPhone</a>",tangledupinlust,9782,TRUE,FALSE,NA,NA,98,2519,"Emmitsburg, MD",4
"RT @JillWineBanks: GSA ascertains Joe Biden is winner of election, clears way for transition from Trump administration to formally begin ht…",FALSE,0,NA,2020-11-24 6:38,FALSE,NA,1.33112E+18,NA,"<a href=""http://twitter.com/download/android"" rel=""nofollow"">Twitter for Android</a>",Sylvest41744891,51,TRUE,FALSE,NA,NA,181,3579,ibadan  Nigeria,3
@realDonaldTrump Sorry!!!! You are so out. BIDEN IS THE NEXT PRESIDENT LIVE  WITH IT. Your claims  are WITHOUT MERI… https://t.co/DIv08gLxfz,FALSE,0,realDonaldTrump,2020-11-24 6:38,TRUE,1.33032E+18,1.33112E+18,25073877,"<a href=""https://mobile.twitter.com"" rel=""nofollow"">Twitter Web App</a>",pneeley,0,FALSE,FALSE,NA,NA,107,306,"Knoxville,Tennessee",1
RT @Becca2400: You can’t even make this sh*t up anymore. Biden is every bit as horrible as I knew he’d be.,FALSE,0,NA,2020-11-24 6:38,FALSE,NA,1.33112E+18,NA,"<a href=""http://twitter.com/download/android"" rel=""nofollow"">Twitter for Android</a>",shugosha,90,TRUE,FALSE,NA,NA,472,18674,"Lawrence, KS",0
@Coolish_Breeze Until Biden issues an EO to overturn Trump's EO.,FALSE,0,Coolish_Breeze,2020-11-24 6:38,FALSE,1.33111E+18,1.33112E+18,574995388,"<a href=""https://mobile.twitter.com"" rel=""nofollow"">Twitter Web App</a>",epeterd916,0,FALSE,FALSE,NA,NA,1772,313330,,0
RT @MaddowBlog: Here's a quick overview of what we know about how President-elect Joe Biden's Cabinet is shaping up: https://t.co/Ho84Lw4Rtz,FALSE,0,NA,2020-11-24 6:38,FALSE,NA,1.33112E+18,NA,"<a href=""http://twitter.com/download/iphone"" rel=""nofollow"">Twitter for iPhone</a>",aurorakangaspuu,223,TRUE,FALSE,NA,NA,0,5713,,3
@peachisyummy @Lawrence @TheLastWord @GSAEmily Biden is walking into a shit show!,FALSE,0,peachisyummy,2020-11-24 6:38,FALSE,1.33112E+18,1.33112E+18,8.96583E+17,"<a href=""http://twitter.com/download/iphone"" rel=""nofollow"">Twitter for iPhone</a>",jennythigpen,0,FALSE,FALSE,NA,NA,296,8732,"Florence, AL",0
@Fe4real @Christo90521278 @realDonaldTrump Biden won the popular vote too lool,FALSE,0,Fe4real,2020-11-24 6:38,FALSE,1.33112E+18,1.33112E+18,1636048334,"<a href=""http://twitter.com/download/android"" rel=""nofollow"">Twitter for Android</a>",Dinamdajani1,0,FALSE,FALSE,NA,NA,13,455,"California, USA",0
"https://t.co/7w8fLZPWiP President-Elect Joe Biden: Official Transition Website https://t.co/Zyct6XNZH1, see more https://t.co/UsSDpWK32J",FALSE,0,NA,2020-11-24 6:38,FALSE,NA,1.33112E+18,NA,"<a href=""https://www.tweetedtimes.com"" rel=""nofollow"">The Tweeted Times</a>",ElNotiCoto,0,FALSE,FALSE,NA,NA,499,47706,Hollywood CA,6
RT @jeremyherb: Here's the full letter from Murphy to Biden: https://t.co/DJ4SFLzrfP,FALSE,0,NA,2020-11-24 6:38,FALSE,NA,1.33112E+18,NA,"<a href=""http://twitter.com/download/iphone"" rel=""nofollow"">Twitter for iPhone</a>",RedpotBrian,3464,TRUE,FALSE,NA,NA,1607,30795,,0
RT @Reuters: The Trump administration has authorized the General Services Administration to formally begin the presidential transition for…,FALSE,0,NA,2020-11-24 6:38,FALSE,NA,1.33112E+18,NA,"<a href=""http://twitter.com/download/iphone"" rel=""nofollow"">Twitter for iPhone</a>",dariasito,590,TRUE,FALSE,NA,NA,67,713,,2
RT @RaniaKhalek: One thing to understand about Biden’s cabinet picks is that you don’t really have to understand them as individuals. They…,FALSE,0,NA,2020-11-24 6:38,FALSE,NA,1.33112E+18,NA,"<a href=""http://twitter.com/download/android"" rel=""nofollow"">Twitter for Android</a>",OlafFoss,666,TRUE,FALSE,NA,NA,5581,44876,Oslo,1
RT @LarryMadowo: BREAKING: The GSA Administrator Emily Murphy has written to Joe Biden to formally begin the transition https://t.co/DKzikt…,FALSE,0,NA,2020-11-24 6:38,FALSE,NA,1.33112E+18,NA,"<a href=""http://twitter.com/download/android"" rel=""nofollow"">Twitter for Android</a>",zaxoguda,190,TRUE,FALSE,NA,NA,6350,63273,Nairobi,2
@SebGorka Looks like the 'Biden crime family' is above the law!,FALSE,0,SebGorka,2020-11-24 6:38,FALSE,1.33112E+18,1.33112E+18,2417586104,"<a href=""http://twitter.com/download/android"" rel=""nofollow"">Twitter for Android</a>",PaulSteven0,0,FALSE,FALSE,NA,NA,91,718,,0
"RT @TheLastWord: .@JulianCastro, former secretary of Housing and Urban Development under President Obama, tells @Lawrence President-elect J…",FALSE,0,NA,2020-11-24 6:38,FALSE,NA,1.33112E+18,NA,"<a href=""http://twitter.com/download/android"" rel=""nofollow"">Twitter for Android</a>",DavisRevdon,31,TRUE,FALSE,NA,NA,62,4338,,2
what is joe biden’s plan to ensure taylor swift wins a grammy?,FALSE,0,NA,2020-11-24 6:38,FALSE,NA,1.33112E+18,NA,"<a href=""http://twitter.com/download/iphone"" rel=""nofollow"">Twitter for iPhone</a>",weranwithwolves,0,FALSE,FALSE,NA,NA,859,11754,"Colorado, USA",3
"RT @Schuldensuehner: Global stock mkt rally accelerates as Biden transition, vaccine progress lift confidence. Investors cheer Yellen as US…",FALSE,0,NA,2020-11-24 6:38,FALSE,NA,1.33112E+18,NA,"<a href=""http://twitter.com/download/android"" rel=""nofollow"">Twitter for Android</a>",RickStoevenbeld,20,TRUE,FALSE,NA,NA,315,41718,"Hengelo, Nederland",1
RT @Investingcom: *GSA GIVES BIDEN APPROVAL TO BEGIN OFFICIAL TRANSITION PROCESS https://t.co/of28JusnyN,FALSE,0,NA,2020-11-24 6:38,FALSE,NA,1.33112E+18,NA,"<a href=""https://dlvrit.com/"" rel=""nofollow"">dlvr.it</a>",SexiestTrader,1,TRUE,FALSE,NA,NA,766,34454,Spain,2
"RT @GOPChairwoman: Like Joe Biden, Georgia Democrat Jon Ossoff has shady ties to China.

Ossoff failed to disclose his business relationshi…",FALSE,0,NA,2020-11-24 6:38,FALSE,NA,1.33112E+18,NA,"<a href=""http://twitter.com/download/iphone"" rel=""nofollow"">Twitter for iPhone</a>",slimwhit69,3361,TRUE,FALSE,NA,NA,192,42379,"Fort Wayne, IN",1
RT @funder: There are zero scandals surrounding President-elect Biden’s cabinet or staff. Which is how it’s supposed to be.,FALSE,0,NA,2020-11-24 6:38,FALSE,NA,1.33112E+18,NA,"<a href=""https://mobile.twitter.com"" rel=""nofollow"">Twitter Web App</a>",andreagail_k,2187,TRUE,FALSE,NA,NA,1245,33108,CA,3
RT @SilentAmuse: Watching the Bernie Left lose their damn minds every time the Biden transition team makes a new announcement is my new fav…,FALSE,0,NA,2020-11-24 6:38,FALSE,NA,1.33112E+18,NA,"<a href=""http://twitter.com/download/iphone"" rel=""nofollow"">Twitter for iPhone</a>",LadyKay2You,95,TRUE,FALSE,NA,NA,309,3758,,1
@Axe2084 @Original_Gio @jeffzeleny You know people voted for Biden right? Not Bill Clinton? Im just confused what t… https://t.co/x6d1UALALh,FALSE,0,Axe2084,2020-11-24 6:38,TRUE,1.33111E+18,1.33112E+18,2541516320,"<a href=""http://twitter.com/download/android"" rel=""nofollow"">Twitter for Android</a>",tk0ma,0,FALSE,FALSE,NA,NA,16,2381,,0
RT @AFP: #UPDATE General Motors withdrew Monday from a challenge to California's fuel economy rules that had been backed by Donald Trump's…,FALSE,0,NA,2020-11-24 6:38,FALSE,NA,1.33112E+18,NA,"<a href=""http://twitter.com/download/iphone"" rel=""nofollow"">Twitter for iPhone</a>",ursulakoenig,1466,TRUE,FALSE,NA,NA,1429,61592,San Diego. Baja.,0
"RT @murray_nyc: @realDonaldTrump The reason many people were rightly upset with the GSA’s actions: 

“Despite news outlets and numerous for…",FALSE,0,NA,2020-11-24 6:38,FALSE,NA,1.33112E+18,NA,"<a href=""https://mobile.twitter.com"" rel=""nofollow"">Twitter Web App</a>",Overdamoon,140,TRUE,FALSE,NA,NA,331,15030,,0
"@Ideafood @amconmag @realDonaldTrump Nah, cheating Joe Biden.",FALSE,0,Ideafood,2020-11-24 6:38,FALSE,1.33112E+18,1.33112E+18,16226484,"<a href=""http://twitter.com/download/iphone"" rel=""nofollow"">Twitter for iPhone</a>",michaelzhou1972,0,FALSE,FALSE,NA,NA,17,670,"Cary, NC",1
"@BrianDMcBride @Devilstower But are they qualified?  Who cares if they are purple hermaphrodites, as long as they a… https://t.co/GWvBF985iS",FALSE,0,BrianDMcBride,2020-11-24 6:38,TRUE,1.33097E+18,1.33112E+18,66944349,"<a href=""https://mobile.twitter.com"" rel=""nofollow"">Twitter Web App</a>",WoodMesquite,0,FALSE,FALSE,NA,NA,3,513,Texas,0
"RT @PaulSorrentino3: dear mr biden stop hitting up the working class for cash now please 
that was a disgustingly silly grift you and top c…",FALSE,0,NA,2020-11-24 6:38,FALSE,NA,1.33112E+18,NA,"<a href=""https://mobile.twitter.com"" rel=""nofollow"">Twitter Web App</a>",UnkVetOfficial,17,TRUE,FALSE,NA,NA,123,5738,"Milwaukee, WI/Joliet, IL",1
